z,Time,ISM,Stars
0.0,0.0,1000000000000.0,686625.3593157897
0.001001001001001001,13796549.424785499,1000000001112.8505,202173.8094957798
0.002002002002002002,27558650.541414708,1000000001141.5161,176298.79882974076
0.003003003003003003,41286423.648279235,1000000001172.8917,173808.39446430383
0.004004004004004004,54979988.50416845,1000000001202.4999,171981.09590444813
0.005005005005005005,68639464.33124793,1000000001235.3077,170554.47196205377
0.006006006006006006,82264969.81798163,1000000001267.2322,169333.065841442
0.007007007007007007,95856623.12205017,1000000001297.8455,168342.98528338605
0.008008008008008008,109414541.87325759,1000000001329.9144,167475.2664715045
0.009009009009009009,122938843.17640264,1000000001360.01,166638.30994585244
0.01001001001001001,136429643.61414176,1000000001395.0938,165969.69536439434
0.011011011011011011,149887059.2498326,1000000001431.2822,165339.68654351242
0.012012012012012012,163311205.6303573,1000000001464.7546,164688.98037789558
0.013013013013013013,176702197.7889343,1000000001499.2819,164168.88469832714
0.014014014014014014,190060150.24789155,1000000001530.9043,163634.05157501478
0.015015015015015015,203385177.02146405,1000000001563.3196,163163.6469395518
0.016016016016016016,216677391.6185119,1000000001596.4653,162680.46818167594
0.017017017017017015,229936907.0452791,1000000001630.4059,162269.7510349615
0.018018018018018018,243163835.8081134,1000000001664.9435,161847.84342920058
0.01901901901901902,256358289.91614372,1000000001700.1678,161505.94099895767
0.02002002002002002,269520380.8839937,1000000001736.0397,161157.04450930818
0.02102102102102102,282650219.73441595,1000000001772.6735,160801.47367222508
0.022022022022022022,295747917.00096136,1000000001805.2501,160439.54819967685
0.023023023023023025,308813582.7306148,1000000001843.1577,160163.08334819274
0.024024024024024024,321847326.4863908,1000000001881.5972,159881.29801966
0.025025025025025023,334849257.3499494,1000000001915.9406,159502.17205206287
0.026026026026026026,347819483.9241711,1000000001955.6484,159307.94054891326
0.02702702702702703,360758114.33571833,1000000001990.7843,159013.95549040762
0.028028028028028028,373665256.2376045,1000000002026.4305,158715.3393337911
0.029029029029029027,386541016.8117006,1000000002062.451,158513.77898275596
0.03003003003003003,399385502.7712751,1000000002098.9365,158207.8439692553
0.031031031031031032,412198820.36348045,1000000002135.8881,158002.42182704093
0.03203203203203203,424981075.371845,1000000002173.1686,157793.50265512307
0.03303303303303303,437732373.11875415,1000000002205.6273,157478.16048590658
0.03403403403403403,450452818.4678781,1000000002238.3219,157263.3462644849
0.035035035035035036,463142515.8266419,1000000002271.3555,157047.7776326216
0.036036036036036036,475801569.1486285,1000000002310.2377,156939.4112959877
0.037037037037037035,488430081.9359892,1000000002349.5146,156719.10166502366
0.03803803803803804,501028157.24185467,1000000002389.3008,156498.16750660894
0.03903903903903904,513595897.6726898,1000000002423.7529,156274.23586844568
0.04004004004004004,526133405.39067787,1000000002464.338,156161.76795665457
0.04104104104104104,538640782.1160514,1000000002499.4047,155933.48496835542
0.04204204204204204,551118129.1294403,1000000002534.8615,155702.40432028967
0.043043043043043044,563565547.2741895,1000000002570.508,155585.25535539247
0.044044044044044044,575983136.9586581,1000000002606.5331,155350.13307816576
0.04504504504504504,588370998.1585175,1000000002642.7467,155232.1697568339
0.04604604604604605,600729230.419022,1000000002679.1445,155112.41296115445
0.04704704704704705,613057932.8572725,1000000002715.9034,154872.1749323513
0.04804804804804805,625357204.1644762,1000000002752.943,154751.7036902267
0.04904904904904905,637627142.6081587,1000000002790.1481,154629.4989197491
0.050050050050050046,649867846.0344107,1000000002827.6268,154507.83366322273
0.05105105105105105,662079411.8700778,1000000002865.5319,154261.64554441205
0.05205205205205205,674261937.1249487,1000000002903.6986,154137.15265512347
0.05305305305305305,686415518.3939652,1000000002942.0214,154011.00616547468
0.05405405405405406,698540251.8593469,1000000002980.6058,153885.4291627744
0.055055055055055056,710636233.2927828,1000000003019.4471,153758.22853271122
0.056056056056056056,722703558.0575454,1000000003058.5433,153631.60738059564
0.057057057057057055,734742321.1106225,1000000003097.8895,153503.39257411443
0.058058058058058054,746752617.0048472,1000000003137.473,153373.6040952658
0.05905905905905906,758734539.8909705,1000000003177.3965,153244.4150763647
0.06006006006006006,770688183.519772,1000000003217.5503,153113.6823580935
0.06106106106106106,782613641.2441292,1000000003257.9294,152981.42592245038
0.062062062062062065,794511006.0210652,1000000003298.6351,152849.78892875125
0.06306306306306306,806380370.4138254,1000000003339.5592,152716.6581906775
0.06406406406406406,818221826.5938878,1000000003373.7567,152582.0536902273
0.06506506506506507,830035466.343006,1000000003408.102,152445.99540939886
0.06606606606606606,841821381.0552106,1000000003449.4636,152445.99540939886
0.06706706706706707,853579661.7388104,1000000003491.1407,152310.58654351172
0.06806806806806806,865310399.018394,1000000003533.128,152173.7538702436
0.06906906906906907,877013683.1367772,1000000003568.2043,152035.5173715947
0.07007007007007007,888689603.957002,1000000003603.518,151897.95026988527
0.07107107107107107,900338250.9642591,1000000003646.0034,151897.95026988527
0.07207207207207207,911959713.2678356,1000000003688.777,151759.0093157904
0.07307307307307308,923554079.6030601,1000000003724.5343,151618.7144913083
0.07407407407407407,935121438.3331918,1000000003760.5067,151477.08577843712
0.07507507507507508,946661877.4513471,1000000003803.84,151477.08577843712
0.07607607607607608,958175484.5823835,1000000003840.023,151334.1431591751
0.07707707707707707,969662346.9847741,1000000003876.5122,151191.90990084893
0.07807807807807808,981122551.5525026,1000000003920.4834,151191.90990084893
0.07907907907907907,992556184.8168948,1000000003957.2827,151048.3927091292
0.08008008008008008,1003963332.9484851,1000000003994.3872,150903.6115660141
0.08108108108108109,1015344081.7588435,1000000004039.0908,150903.6115660141
0.08208208208208208,1026698516.702405,1000000004076.4956,150757.5864535018
0.08308308308308308,1038026722.8782876,1000000004114.1958,150610.3373535927
0.08408408408408408,1049328785.0320913,1000000004151.896,150610.3373535927
0.08508508508508508,1060604787.5576981,1000000004189.8867,150461.88424828285
0.08608608608608609,1071854814.4990436,1000000004235.645,150461.88424828285
0.08708708708708708,1083078949.5518935,1000000004273.9214,150312.2471195704
0.08808808808808809,1094277276.0656216,1000000004320.0094,150312.2471195704
0.0890890890890891,1105449877.0449274,1000000004358.5564,150161.4459494536
0.09009009009009009,1116596835.1516023,1000000004397.369,150009.5007199306
0.09109109109109109,1127718232.7062564,1000000004436.1816,150009.5007199306
0.0920920920920921,1138814151.690023,1000000004475.2549,149856.4314129996
0.09309309309309309,1149884673.74629,1000000004514.3281,149856.4314129996
0.0940940940940941,1160929880.1823776,1000000004553.657,149702.2580106588
0.09509509509509509,1171949851.9712408,1000000004592.9858,149702.2580106588
0.0960960960960961,1182944669.753151,1000000004632.5653,149547.00049490642
0.0970970970970971,1193914413.8373468,1000000004672.1448,149547.00049490642
0.0980980980980981,1204859164.203719,1000000004711.98,149390.6788477406
0.0990990990990991,1215779000.5044384,1000000004751.8152,149390.6788477406
0.10010010010010009,1226674002.0656018,1000000004791.9012,149233.31305116203
0.1011011011011011,1237544247.8888745,1000000004831.9873,149233.31305116203
0.1021021021021021,1248389816.6530867,1000000004872.3193,149074.92308716645
0.1031031031031031,1259210786.7158709,1000000004912.6514,149074.92308716645
0.1041041041041041,1270007236.1152408,1000000004953.2245,148915.52893775207
0.10510510510510511,1280779242.5711915,1000000004993.7976,148915.52893775207
0.1061061061061061,1291526883.4872942,1000000005034.3707,148915.52893775207
0.10710710710710711,1302250235.9522436,1000000005075.2698,148755.15058491708
0.10810810810810811,1312949376.7414486,1000000005116.1688,148755.15058491708
0.1091091091091091,1323624382.3185709,1000000005157.3884,148593.80801065968
0.11011011011011011,1334275328.837067,1000000005198.608,148593.80801065968
0.1111111111111111,1344902292.1417456,1000000005231.712,148431.52119697805
0.11211211211211211,1355505347.7702746,1000000005273.2352,148431.52119697805
0.11311311311311312,1366084570.9547112,1000000005314.7584,148431.52119697805
0.11411411411411411,1376640036.623008,1000000005356.5797,148268.3101258704
0.11511511511511512,1387171819.4005053,1000000005398.401,148268.3101258704
0.11611611611611611,1397679993.611449,1000000005432.0132,148104.1947793349
0.11711711711711711,1408164633.2804425,1000000005474.2147,148104.1947793349
0.11811811811811812,1418625812.1339474,1000000005516.4163,148104.1947793349
0.11911911911911911,1429063603.6017325,1000000005558.9023,147937.40166502233
0.12012012012012012,1439478080.8183405,1000000005601.3884,147937.40166502233
0.12112112112112113,1449869316.6245403,1000000005643.8745,147937.40166502233
0.12212212212212212,1460237383.5687544,1000000005686.6396,147769.75423028014
0.12312312312312312,1470582353.9085102,1000000005729.4048,147769.75423028014
0.12412412412412413,1480904299.611848,1000000005763.7507,147601.27245710383
0.12512512512512514,1491203292.358743,1000000005806.8872,147601.27245710383
0.12612612612612611,1501479403.5425224,1000000005850.0237,147601.27245710383
0.12712712712712712,1511732704.271248,1000000005884.6992,147431.97632749157
0.12812812812812813,1521963265.3691242,1000000005928.2012,147431.97632749157
0.12912912912912913,1532171157.377871,1000000005971.7031,147431.97632749157
0.13013013013013014,1542356450.5581,1000000006006.6157,147260.13231309055
0.13113113113113112,1552519214.8906946,1000000006050.3896,147260.13231309055
0.13213213213213212,1562659520.0781538,1000000006094.1636,147260.13231309055
0.13313313313313313,1572777435.5459597,1000000006129.3088,147087.52389724908
0.13413413413413414,1582873030.4439027,1000000006173.4341,147087.52389724908
0.13513513513513514,1592946373.6474388,1000000006217.5593,147087.52389724908
0.13613613613613612,1602997533.759008,1000000006261.6846,147087.52389724908
0.13713713713713713,1613026579.1093562,1000000006297.1428,146914.17106196535
0.13813813813813813,1623033577.7588508,1000000006341.6135,146914.17106196535
0.13913913913913914,1633018597.498788,1000000006386.0842,146914.17106196535
0.14014014014014015,1642981705.8526876,1000000006421.7644,146738.3702518838
0.14114114114114115,1652922970.0775924,1000000006466.559,146738.3702518838
0.14214214214214213,1662842457.16534,1000000006511.3535,146738.3702518838
0.14314314314314314,1672740233.8438609,1000000006547.3217,146561.8749773555
0.14414414414414414,1682616366.5784202,1000000006583.2898,146561.8749773555
0.14514514514514515,1692470921.5729017,1000000006628.4022,146561.8749773555
0.14614614614614616,1702303964.7710562,1000000006673.5146,146561.8749773555
0.14714714714714713,1712115561.8577464,1000000006709.7657,146384.70522037862
0.14814814814814814,1721905778.2601974,1000000006755.2727,146384.70522037862
0.14914914914914915,1731674679.149218,1000000006800.7797,146384.70522037862
0.15015015015015015,1741422329.4404356,1000000006837.3066,146205.18739859798
0.15115115115115116,1751148793.795522,1000000006873.8336,146205.18739859798
0.15215215215215216,1760854136.62339,1000000006919.6439,146205.18739859798
0.15315315315315314,1770538422.081412,1000000006965.4542,146205.18739859798
0.15415415415415415,1780201714.0766249,1000000007002.2521,146025.04504936427
0.15515515515515516,1789844076.2669053,1000000007039.0499,146025.04504936427
0.15615615615615616,1799465572.0621758,1000000007085.2393,146025.04504936427
0.15715715715715717,1809066264.6255648,1000000007131.4286,146025.04504936427
0.15815815815815815,1818646216.8745918,1000000007168.5035,145842.62457231747
0.15915915915915915,1828205491.48234,1000000007205.5785,145842.62457231747
0.16016016016016016,1837744150.8785925,1000000007252.1511,145842.62457231747
0.16116116116116116,1847262257.251011,1000000007298.7238,145842.62457231747
0.16216216216216217,1856759872.5462687,1000000007336.1521,145659.62952281308
0.16316316316316315,1866237058.4711869,1000000007373.5804,145659.62952281308
0.16416416416416416,1875693876.4938917,1000000007420.53,145659.62952281308
0.16516516516516516,1885130387.8449047,1000000007467.4796,145659.62952281308
0.16616616616616617,1894546653.5183065,1000000007505.1733,145474.42628248926
0.16716716716716717,1903942734.272817,1000000007542.8671,145474.42628248926
0.16816816816816815,1913318690.6329212,1000000007580.5608,145474.42628248926
0.16916916916916916,1922674582.8899722,1000000007627.8785,145474.42628248926
0.17017017017017017,1932010471.1032794,1000000007675.1963,145474.42628248926
0.17117117117117117,1941326415.1012118,1000000007713.2307,145288.69842470335
0.17217217217217218,1950622474.4822686,1000000007751.2651,145288.69842470335
0.17317317317317318,1959898708.6161633,1000000007799.0244,145288.69842470335
0.17417417417417416,1969155176.6449015,1000000007846.7837,145288.69842470335
0.17517517517517517,1978391937.4838398,1000000007885.1515,145100.8323130917
0.17617617617617617,1987609049.8227522,1000000007923.5193,145100.8323130917
0.17717717717717718,1996806572.1268802,1000000007961.8871,145100.8323130917
0.1781781781781782,2005984562.6379817,1000000008010.0786,145100.8323130917
0.17917917917917917,2015143079.3753817,1000000008058.2701,145100.8323130917
0.18018018018018017,2024282180.1369996,1000000008096.964,144910.86791165068
0.18118118118118118,2033401922.5003908,1000000008135.6578,144910.86791165068
0.18218218218218218,2042502363.823763,1000000008174.3517,144910.86791165068
0.1831831831831832,2051583561.2469985,1000000008222.9662,144910.86791165068
0.1841841841841842,2060645571.6926837,1000000008271.5807,144910.86791165068
0.18518518518518517,2069688451.8670914,1000000008310.674,144720.45882074034
0.18618618618618618,2078712258.2612147,1000000008349.7672,144720.45882074034
0.1871871871871872,2087717047.1517367,1000000008388.8605,144720.45882074034
0.1881881881881882,2096702874.602043,1000000008437.9537,144720.45882074034
0.1891891891891892,2105669796.4632056,1000000008487.047,144720.45882074034
0.19019019019019018,2114617868.3749526,1000000008526.5162,144528.02137699432
0.19119119119119118,2123547145.7666645,1000000008565.9855,144528.02137699432
0.1921921921921922,2132457683.8583295,1000000008605.4547,144528.02137699432
0.1931931931931932,2141349537.6615093,1000000008654.9391,144528.02137699432
0.1941941941941942,2150222761.9803195,1000000008704.4235,144528.02137699432
0.19519519519519518,2159077411.412355,1000000008744.183,144333.59554441256
0.1961961961961962,2167913540.3496695,1000000008783.9425,144333.59554441256
0.1971971971971972,2176731202.9797006,1000000008823.702,144333.59554441256
0.1981981981981982,2185530453.2862115,1000000008863.4615,144333.59554441256
0.1991991991991992,2194311345.050242,1000000008913.3275,144333.59554441256
0.20020020020020018,2203073931.8510184,1000000008953.3698,144137.22128698794
0.2012012012012012,2211818267.066891,1000000008993.412,144137.22128698794
0.2022022022022022,2220544403.876247,1000000009033.4542,144137.22128698794
0.2032032032032032,2229252395.258426,1000000009073.4965,144137.22128698794
0.2042042042042042,2237942293.994641,1000000009113.5387,144137.22128698794
0.20520520520520522,2246614152.668862,1000000009163.7767,144137.22128698794
0.2062062062062062,2255268023.6687374,1000000009204.0941,143938.93856871687
0.2072072072072072,2263903959.186475,1000000009244.4115,143938.93856871687
0.2082082082082082,2272522011.2197356,1000000009284.7289,143938.93856871687
0.2092092092092092,2281122231.572528,1000000009325.0463,143938.93856871687
0.21021021021021022,2289704671.856073,1000000009365.3636,143938.93856871687
0.2112112112112112,2298269383.4896946,1000000009416.0404,143938.93856871687
0.2122122122122122,2306816417.701684,1000000009456.7172,143738.78735359572
0.2132132132132132,2315345825.5301633,1000000009497.3939,143738.78735359572
0.21421421421421422,2323857657.823961,1000000009538.0707,143738.78735359572
0.21521521521521522,2332351965.2434487,1000000009578.7474,143738.78735359572
0.21621621621621623,2340828798.2614155,1000000009619.4242,143738.78735359572
0.2172172172172172,2349288207.163901,1000000009670.5453,143738.78735359572
0.2182182182182182,2357730242.051046,1000000009711.6512,143538.36129598992
0.21921921921921922,2366154952.8379326,1000000009752.7572,143538.36129598992
0.22022022022022023,2374562389.255411,1000000009793.8632,143538.36129598992
0.22122122122122123,2382952600.8509407,1000000009834.9691,143538.36129598992
0.2222222222222222,2391325636.989412,1000000009876.0751,143538.36129598992
0.22322322322322322,2399681546.8539586,1000000009927.7084,143538.36129598992
0.22422422422422422,2408020379.4467926,1000000009969.2352,143336.13667852772
0.22522522522522523,2416342183.590002,1000000010010.7621,143336.13667852772
0.22622622622622623,2424647007.9263706,1000000010052.289,143336.13667852772
0.2272272272272272,2432934900.9201694,1000000010093.8158,143336.13667852772
0.22822822822822822,2441205910.8579674,1000000010135.3427,143336.13667852772
0.22922922922922923,2449460085.8494244,1000000010176.8695,143336.13667852772
0.23023023023023023,2457697473.8280787,1000000010229.0048,143336.13667852772
0.23123123123123124,2465918122.552146,1000000010270.9442,143132.1534652055
0.23223223223223222,2474122079.605284,1000000010312.8837,143132.1534652055
0.23323323323323322,2482309392.3973837,1000000010354.8231,143132.1534652055
0.23423423423423423,2490480108.1653495,1000000010396.7626,143132.1534652055
0.23523523523523523,2498634273.9738536,1000000010438.702,143132.1534652055
0.23623623623623624,2506771936.7161226,1000000010480.6415,143132.1534652055
0.23723723723723725,2514893143.11468,1000000010533.2684,143132.1534652055
0.23823823823823823,2522997939.7221184,1000000010575.536,142924.92790264793
0.23923923923923923,2531086372.921854,1000000010617.8036,142924.92790264793
0.24024024024024024,2539158488.92887,1000000010660.0712,142924.92790264793
0.24124124124124124,2547214333.79047,1000000010702.3387,142924.92790264793
0.24224224224224225,2555253953.3870196,1000000010744.6063,142924.92790264793
0.24324324324324323,2563277393.432679,1000000010786.8739,142924.92790264793
0.24424424424424424,2571284699.476152,1000000010829.1415,142924.92790264793
0.24524524524524524,2579275916.9014034,1000000010871.8031,142716.03366322222
0.24624624624624625,2587251090.9283967,1000000010914.4647,142716.03366322222
0.24724724724724725,2595210266.613811,1000000010957.1263,142716.03366322222
0.24824824824824826,2603153488.8517623,1000000010999.788,142716.03366322222
0.24924924924924924,2611080802.374525,1000000011042.4496,142716.03366322222
0.2502502502502503,2618992251.753238,1000000011085.1112,142716.03366322222
0.25125125125125125,2626887881.3986206,1000000011127.7728,142716.03366322222
0.25225225225225223,2634767735.561665,1000000011170.4344,142716.03366322222
0.25325325325325326,2642631858.3343525,1000000011213.4818,142505.51071092882
0.25425425425425424,2650480293.650346,1000000011256.5292,142505.51071092882
0.2552552552552553,2658313085.2856774,1000000011299.5765,142505.51071092882
0.25625625625625625,2666130276.8594484,1000000011342.6239,142505.51071092882
0.25725725725725723,2673931911.8345127,1000000011385.6713,142505.51071092882
0.25825825825825827,2681718033.518154,1000000011428.7186,142505.51071092882
0.25925925925925924,2689488685.062785,1000000011471.766,142505.51071092882
0.2602602602602603,2697243909.4665976,1000000011514.8134,142505.51071092882
0.26126126126126126,2704983749.574258,1000000011558.2197,142293.39900976012
0.26226226226226224,2712708248.0775633,1000000011601.6261,142293.39900976012
0.26326326326326327,2720417447.51611,1000000011645.0325,142293.39900976012
0.26426426426426425,2728111390.277965,1000000011688.4388,142293.39900976012
0.2652652652652653,2735790118.6003094,1000000011731.8452,142293.39900976012
0.26626626626626626,2743453674.5701137,1000000011775.2516,142293.39900976012
0.26726726726726724,2751102100.1247697,1000000011818.658,142293.39900976012
0.2682682682682683,2758735437.0527534,1000000011862.0643,142293.39900976012
0.26926926926926925,2766353726.99427,1000000011905.8933,142079.7385237125
0.2702702702702703,2773957011.4418902,1000000011949.7223,142079.7385237125
0.27127127127127126,2781545331.741194,1000000011993.5513,142079.7385237125
0.27227227227227224,2789118729.091405,1000000012037.3802,142079.7385237125
0.2732732732732733,2796677244.5460215,1000000012081.2092,142079.7385237125
0.27427427427427425,2804220919.013453,1000000012125.0382,142079.7385237125
0.2752752752752753,2811749793.2576365,1000000012168.8672,142079.7385237125
0.27627627627627627,2819263907.8986673,1000000012212.6962,142079.7385237125
0.2772772772772773,2826763303.4134164,1000000012256.5251,142079.7385237125
0.2782782782782783,2834248020.136141,1000000012300.694,141863.0954544061
0.27927927927927926,2841718098.259114,1000000012344.8628,141863.0954544061
0.2802802802802803,2849173577.833216,1000000012389.0316,141863.0954544061
0.28128128128128127,2856614498.768557,1000000012433.2004,141863.0954544061
0.2822822822822823,2864040900.8350725,1000000012477.3693,141863.0954544061
0.2832832832832833,2871452823.6631227,1000000012521.5381,141863.0954544061
0.28428428428428426,2878850306.744106,1000000012565.7069,141863.0954544061
0.2852852852852853,2886233389.431031,1000000012609.8757,141863.0954544061
0.2862862862862863,2893602110.9391317,1000000012654.0446,141863.0954544061
0.2872872872872873,2900956510.34644,1000000012687.3003,141644.99351921267
0.2882882882882883,2908296626.594377,1000000012731.8716,141644.99351921267
0.28928928928928926,2915622498.488343,1000000012776.4429,141644.99351921267
0.2902902902902903,2922934164.6982846,1000000012821.0142,141644.99351921267
0.2912912912912913,2930231663.759285,1000000012865.5854,141644.99351921267
0.2922922922922923,2937515034.0721316,1000000012910.1567,141644.99351921267
0.2932932932932933,2944784313.903884,1000000012954.728,141644.99351921267
0.29429429429429427,2952039541.388457,1000000012999.2993,141644.99351921267
0.2952952952952953,2959280754.5271664,1000000013043.8706,141644.99351921267
0.2962962962962963,2966507991.189311,1000000013088.4419,141644.99351921267
0.2972972972972973,2973721289.1127214,1000000013122.0458,141425.47268212857
0.2982982982982983,2980920685.9043174,1000000013167.0289,141425.47268212857
0.29929929929929927,2988106219.040672,1000000013212.0121,141425.47268212857
0.3003003003003003,2995277925.868547,1000000013256.9952,141425.47268212857
0.3013013013013013,3002435843.605464,1000000013301.9784,141425.47268212857
0.3023023023023023,3009580009.34023,1000000013346.9615,141425.47268212857
0.3033033033033033,3016710460.033489,1000000013391.9447,141425.47268212857
0.30430430430430433,3023827232.51827,1000000013436.9279,141425.47268212857
0.3053053053053053,3030930363.5005116,1000000013481.911,141425.47268212857
0.3063063063063063,3038019889.5596104,1000000013526.8942,141425.47268212857
0.3073073073073073,3045095847.1489444,1000000013560.7672,141203.12911777126
0.3083083083083083,3052158272.5964026,1000000013606.1515,141203.12911777126
0.30930930930930933,3059207202.104928,1000000013651.5358,141203.12911777126
0.3103103103103103,3066242671.7530184,1000000013696.92,141203.12911777126
0.3113113113113113,3073264717.495274,1000000013742.3043,141203.12911777126
0.3123123123123123,3080273375.162894,1000000013787.6886,141203.12911777126
0.3133133133133133,3087268680.464207,1000000013833.0729,141203.12911777126
0.31431431431431434,3094250668.9851885,1000000013878.4572,141203.12911777126
0.3153153153153153,3101219376.189959,1000000013923.8414,141203.12911777126
0.3163163163163163,3108174837.4213114,1000000013969.2257,141203.12911777126
0.3173173173173173,3115117087.9011993,1000000014014.61,141203.12911777126
0.3183183183183183,3122046162.731255,1000000014048.816,140979.45657051515
0.31931931931931934,3128962096.893291,1000000014094.6624,140979.45657051515
0.3203203203203203,3135864925.249787,1000000014140.5087,140979.45657051515
0.3213213213213213,3142754682.5444064,1000000014186.355,140979.45657051515
0.32232232232232233,3149631403.402472,1000000014232.2013,140979.45657051515
0.3233233233233233,3156495122.331468,1000000014278.0476,140979.45657051515
0.32432432432432434,3163345873.7215333,1000000014323.8939,140979.45657051515
0.3253253253253253,3170183691.8459387,1000000014369.7402,140979.45657051515
0.3263263263263263,3177008610.86158,1000000014415.5865,140979.45657051515
0.32732732732732733,3183820664.809457,1000000014461.4329,140979.45657051515
0.3283283283283283,3190619887.615152,1000000014507.2792,140979.45657051515
0.32932932932932935,3197406313.0893164,1000000014541.8099,140753.07119697588
0.3303303303303303,3204179974.928133,1000000014576.3407,140753.07119697588
0.3313313313313313,3210940906.7138033,1000000014622.6378,140753.07119697588
0.33233233233233234,3217689141.915006,1000000014668.9349,140753.07119697588
0.3333333333333333,3224424713.887373,1000000014715.232,140753.07119697588
0.33433433433433435,3231147655.8739552,1000000014761.5292,140753.07119697588
0.3353353353353353,3237858001.0056834,1000000014807.8263,140753.07119697588
0.3363363363363363,3244555782.3018346,1000000014854.1234,140753.07119697588
0.33733733733733734,3251241032.6704845,1000000014900.4205,140753.07119697588
0.3383383383383383,3257913784.908974,1000000014946.7177,140753.07119697588
0.33933933933933935,3264574071.7043595,1000000014993.0148,140753.07119697588
0.34034034034034033,3271221925.6338596,1000000015039.3119,140753.07119697588
0.34134134134134136,3277857379.165321,1000000015074.2297,140525.4467595344
0.34234234234234234,3284480464.6576533,1000000015109.1476,140525.4467595344
0.3433433433433433,3291091214.3612795,1000000015155.955,140525.4467595344
0.34434434434434436,3297689660.4185843,1000000015202.7623,140525.4467595344
0.34534534534534533,3304275834.8643503,1000000015249.5697,140525.4467595344
0.34634634634634637,3310849769.626201,1000000015296.3771,140525.4467595344
0.34734734734734735,3317411496.525041,1000000015343.1844,140525.4467595344
0.3483483483483483,3323961047.2754807,1000000015389.9918,140525.4467595344
0.34934934934934936,3330498453.486289,1000000015436.7992,140525.4467595344
0.35035035035035034,3337023746.6608043,1000000015483.6066,140525.4467595344
0.35135135135135137,3343536958.19738,1000000015530.414,140525.4467595344
0.35235235235235235,3350038119.3897996,1000000015577.2213,140525.4467595344
0.3533533533533533,3356527261.4277096,1000000015612.5175,140295.2193967999
0.35435435435435436,3363004415.3970456,1000000015647.8136,140295.2193967999
0.35535535535535534,3369469612.2804384,1000000015683.1097,140295.2193967999
0.3563563563563564,3375922882.9576545,1000000015730.4156,140295.2193967999
0.35735735735735735,3382364258.2059946,1000000015777.7216,140295.2193967999
0.35835835835835833,3388793768.700717,1000000015825.0275,140295.2193967999
0.35935935935935936,3395211445.0154567,1000000015872.3334,140295.2193967999
0.36036036036036034,3401617317.6226206,1000000015919.6393,140295.2193967999
0.3613613613613614,3408011416.8938155,1000000015966.9452,140295.2193967999
0.36236236236236236,3414393773.10024,1000000016014.2511,140295.2193967999
0.36336336336336333,3420764416.413096,1000000016061.557,140295.2193967999
0.36436436436436437,3427123376.9039974,1000000016108.8629,140295.2193967999
0.36536536536536535,3433470684.5453625,1000000016156.1688,140295.2193967999
0.3663663663663664,3439806369.2108173,1000000016203.4747,140295.2193967999
0.36736736736736736,3446130460.6755953,1000000016239.1404,140062.44905476697
0.3683683683683684,3452442988.616931,1000000016274.806,140062.44905476697
0.36936936936936937,3458743982.614452,1000000016310.4717,140062.44905476697
0.37037037037037035,3465033472.1505756,1000000016358.2644,140062.44905476697
0.3713713713713714,3471311486.6108985,1000000016406.0571,140062.44905476697
0.37237237237237236,3477578055.2845807,1000000016453.8499,140062.44905476697
0.3733733733733734,3483833207.3647323,1000000016501.6426,140062.44905476697
0.3743743743743744,3490076971.9488044,1000000016549.4353,140062.44905476697
0.37537537537537535,3496309378.03897,1000000016597.228,140062.44905476697
0.3763763763763764,3502530454.542497,1000000016645.0208,140062.44905476697
0.37737737737737737,3508740230.27214,1000000016692.8135,140062.44905476697
0.3783783783783784,3514938733.9465055,1000000016740.6062,140062.44905476697
0.3793793793793794,3521125994.190437,1000000016788.3989,140062.44905476697
0.38038038038038036,3527302039.535384,1000000016836.1917,140062.44905476697
0.3813813813813814,3533466898.4197803,1000000016872.218,139827.1956794302
0.38238238238238237,3539620599.189401,1000000016908.2444,139827.1956794302
0.3833833833833834,3545763170.0977454,1000000016944.2708,139827.1956794302
0.3843843843843844,3551894639.3063965,1000000016980.2971,139827.1956794302
0.38538538538538536,3558015034.8853903,1000000017028.5427,139827.1956794302
0.3863863863863864,3564124384.8135757,1000000017076.7883,139827.1956794302
0.38738738738738737,3570222716.9789762,1000000017125.0339,139827.1956794302
0.3883883883883884,3576310059.179154,1000000017173.2795,139827.1956794302
0.3893893893893894,3582386439.1215596,1000000017221.5251,139827.1956794302
0.39039039039039036,3588451884.4239025,1000000017269.7708,139827.1956794302
0.3913913913913914,3594506422.6144977,1000000017318.0164,139827.1956794302
0.3923923923923924,3600550081.1326146,1000000017366.262,139827.1956794302
0.3933933933933934,3606582887.328837,1000000017414.5076,139827.1956794302
0.3943943943943944,3612604868.465408,1000000017462.7532,139827.1956794302
0.39539539539539537,3618616051.7165847,1000000017510.9988,139827.1956794302
0.3963963963963964,3624616464.168981,1000000017547.3549,139589.5192167842
0.3973973973973974,3630606132.821909,1000000017583.7109,139589.5192167842
0.3983983983983984,3636585084.587728,1000000017620.067,139589.5192167842
0.3993993993993994,3642553346.2921844,1000000017656.4231,139589.5192167842
0.40040040040040037,3648510944.6747546,1000000017705.1095,139589.5192167842
0.4014014014014014,3654457906.388983,1000000017753.7959,139589.5192167842
0.4024024024024024,3660394258.002815,1000000017802.4823,139589.5192167842
0.4034034034034034,3666320025.9989376,1000000017851.1687,139589.5192167842
0.4044044044044044,3672235236.77511,1000000017899.8551,139589.5192167842
0.40540540540540543,3678139916.6445055,1000000017948.5415,139589.5192167842
0.4064064064064064,3684034091.8360248,1000000017997.2279,139589.5192167842
0.4074074074074074,3689917788.4946446,1000000018045.9143,139589.5192167842
0.4084084084084084,3695791032.681734,1000000018094.6007,139589.5192167842
0.4094094094094094,3701653850.3753815,1000000018143.2871,139589.5192167842
0.41041041041041043,3707506267.470729,1000000018191.9735,139589.5192167842
0.4114114114114114,3713348309.780281,1000000018228.6501,139349.4796128235
0.4124124124124124,3719180003.034244,1000000018265.3268,139349.4796128235
0.4134134134134134,3725001372.880829,1000000018302.0034,139349.4796128235
0.4144144144144144,3730812444.8865843,1000000018338.68,139349.4796128235
0.41541541541541543,3736613244.5367064,1000000018375.3567,139349.4796128235
0.4164164164164164,3742403797.235358,1000000018412.0333,139349.4796128235
0.4174174174174174,3748184128.305983,1000000018461.1484,139349.4796128235
0.4184184184184184,3753954262.991618,1000000018510.2635,139349.4796128235
0.4194194194194194,3759714226.4552064,1000000018559.3787,139349.4796128235
0.42042042042042044,3765464043.7799087,1000000018608.4938,139349.4796128235
0.4214214214214214,3771203739.969407,1000000018657.6089,139349.4796128235
0.4224224224224224,3776933339.9482207,1000000018706.724,139349.4796128235
0.42342342342342343,3782652868.5620055,1000000018755.8391,139349.4796128235
0.4244244244244244,3788362350.577858,1000000018804.9542,139349.4796128235
0.42542542542542544,3794061810.6846285,1000000018854.0693,139349.4796128235
0.4264264264264264,3799751273.4932084,1000000018903.1844,139349.4796128235
0.4274274274274274,3805430763.536847,1000000018952.2996,139349.4796128235
0.42842842842842843,3811100305.2714353,1000000018989.2876,139107.1368135427
0.4294294294294294,3816759923.0758133,1000000019026.2756,139107.1368135427
0.43043043043043044,3822409641.252065,1000000019063.2637,139107.1368135427
0.4314314314314314,3828049484.02581,1000000019100.2517,139107.1368135427
0.43243243243243246,3833679475.546505,1000000019137.2397,139107.1368135427
0.43343343343343343,3839299639.8877277,1000000019174.2278,139107.1368135427
0.4344344344344344,3844910001.047469,1000000019211.2158,139107.1368135427
0.43543543543543545,3850510582.948434,1000000019260.8132,139107.1368135427
0.4364364364364364,3856101409.4383116,1000000019310.4106,139107.1368135427
0.43743743743743746,3861682504.29008,1000000019360.008,139107.1368135427
0.43843843843843844,3867253891.202281,1000000019409.6055,139107.1368135427
0.4394394394394394,3872815593.7993073,1000000019459.2029,139107.1368135427
0.44044044044044045,3878367635.6316924,1000000019508.8003,139107.1368135427
0.44144144144144143,3883910040.1763797,1000000019558.3977,139107.1368135427
0.44244244244244246,3889442830.8370166,1000000019607.9951,139107.1368135427
0.44344344344344344,3894966030.9442267,1000000019657.5925,139107.1368135427
0.4444444444444444,3900479663.7558875,1000000019707.19,139107.1368135427
0.44544544544544545,3905983752.4574137,1000000019756.7874,139107.1368135427
0.44644644644644643,3911478320.1620216,1000000019794.1655,138862.55076493637
0.44744744744744747,3916963389.911019,1000000019831.5437,138862.55076493637
0.44844844844844844,3922438984.6740665,1000000019868.9219,138862.55076493637
0.4494494494494494,3927905127.3494534,1000000019906.3,138862.55076493637
0.45045045045045046,3933361840.764367,1000000019943.6782,138862.55076493637
0.45145145145145144,3938809147.6751676,1000000019981.0564,138862.55076493637
0.45245245245245247,3944247070.7676516,1000000020018.4346,138862.55076493637
0.45345345345345345,3949675632.657319,1000000020055.8127,138862.55076493637
0.4544544544544544,3955094855.8896403,1000000020105.9021,138862.55076493637
0.45545545545545546,3960504762.9403257,1000000020155.9915,138862.55076493637
0.45645645645645644,3965905376.2155795,1000000020206.0808,138862.55076493637
0.4574574574574575,3971296718.0523734,1000000020256.1702,138862.55076493637
0.45845845845845845,3976678810.7186995,1000000020306.2595,138862.55076493637
0.45945945945945943,3982051676.4138317,1000000020356.3489,138862.55076493637
0.46046046046046046,3987415337.2685885,1000000020406.4382,138862.55076493637
0.46146146146146144,3992769815.345589,1000000020456.5276,138862.55076493637
0.4624624624624625,3998115132.6395087,1000000020506.617,138862.55076493637
0.46346346346346345,4003451311.0773344,1000000020556.7063,138862.55076493637
0.46446446446446443,4008778372.5186214,1000000020606.7957,138862.55076493637
0.46546546546546547,4014096338.755745,1000000020644.5547,138615.78141299912
0.46646646646646645,4019405231.5141516,1000000020682.3137,138615.78141299912
0.4674674674674675,4024705072.452615,1000000020720.0728,138615.78141299912
0.46846846846846846,4029995883.163476,1000000020757.8318,138615.78141299912
0.4694694694694695,4035277685.172901,1000000020795.5908,138615.78141299912
0.47047047047047047,4040550499.9411297,1000000020833.3499,138615.78141299912
0.47147147147147145,4045814348.862711,1000000020871.1089,138615.78141299912
0.4724724724724725,4051069253.2667637,1000000020908.8679,138615.78141299912
0.47347347347347346,4056315234.4172072,1000000020946.627,138615.78141299912
0.4744744744744745,4061552313.513012,1000000020997.2607,138615.78141299912
0.4754754754754755,4066780511.688445,1000000021047.8945,138615.78141299912
0.47647647647647645,4071999850.013301,1000000021098.5283,138615.78141299912
0.4774774774774775,4077210349.493154,1000000021149.1621,138615.78141299912
0.47847847847847846,4082412031.0695853,1000000021199.7959,138615.78141299912
0.4794794794794795,4087604915.6204295,1000000021250.4297,138615.78141299912
0.4804804804804805,4092789023.9600134,1000000021301.0635,138615.78141299912
0.48148148148148145,4097964376.839377,1000000021351.6973,138615.78141299912
0.4824824824824825,4103130994.946532,1000000021402.331,138615.78141299912
0.48348348348348347,4108288898.906674,1000000021452.9648,138615.78141299912
0.4844844844844845,4113438109.282426,1000000021503.5986,138615.78141299912
0.4854854854854855,4118578646.5740714,1000000021554.2324,138615.78141299912
0.48648648648648646,4123710531.2197776,1000000021592.4277,138366.8887037255
0.4874874874874875,4128833783.5958357,1000000021630.623,138366.8887037255
0.48848848848848847,4133948424.01688,1000000021668.8184,138366.8887037255
0.4894894894894895,4139054472.7361193,1000000021707.0137,138366.8887037255
0.4904904904904905,4144151949.945567,1000000021745.209,138366.8887037255
0.49149149149149146,4149240875.776261,1000000021783.4043,138366.8887037255
0.4924924924924925,4154321270.298496,1000000021821.5996,138366.8887037255
0.4934934934934935,4159393153.5220385,1000000021859.7949,138366.8887037255
0.4944944944944945,4164456545.3963566,1000000021897.9902,138366.8887037255
0.4954954954954955,4169511465.81084,1000000021936.1855,138366.8887037255
0.4964964964964965,4174557934.595019,1000000021987.3511,138366.8887037255
0.4974974974974975,4179595971.51879,1000000022038.5166,138366.8887037255
0.4984984984984985,4184625596.292625,1000000022089.6821,138366.8887037255
0.4994994994994995,4189646828.567801,1000000022140.8477,138366.8887037255
0.5005005005005005,4194659687.9366083,1000000022192.0132,138366.8887037255
0.5015015015015015,4199664193.9325705,1000000022243.1787,138366.8887037255
0.5025025025025025,4204660366.0306635,1000000022294.3442,138366.8887037255
0.5035035035035035,4209648223.6475186,1000000022345.5098,138366.8887037255
0.5045045045045045,4214627786.141649,1000000022396.6753,138366.8887037255
0.5055055055055055,4219599072.813654,1000000022447.8408,138366.8887037255
0.5065065065065065,4224562102.9064326,1000000022499.0063,138366.8887037255
0.5075075075075075,4229516895.6053963,1000000022550.1719,138366.8887037255
0.5085085085085085,4234463470.0386767,1000000022588.728,138114.61867672505
0.5095095095095095,4239401845.2773347,1000000022627.2842,138114.61867672505
0.5105105105105106,4244332040.3355684,1000000022665.8403,138114.61867672505
0.5115115115115115,4249254074.170919,1000000022704.3965,138114.61867672505
0.5125125125125125,4254167965.684483,1000000022742.9526,138114.61867672505
0.5135135135135135,4259073733.7211094,1000000022781.5088,138114.61867672505
0.5145145145145145,4263971397.0696054,1000000022820.065,138114.61867672505
0.5155155155155156,4268860974.46295,1000000022858.6211,138114.61867672505
0.5165165165165165,4273742484.57848,1000000022897.1772,138114.61867672505
0.5175175175175175,4278615946.038107,1000000022935.7334,138114.61867672505
0.5185185185185185,4283481377.4085083,1000000022974.2896,138114.61867672505
0.5195195195195195,4288338797.2013326,1000000023025.9722,138114.61867672505
0.5205205205205206,4293188223.873398,1000000023077.6548,138114.61867672505
0.5215215215215215,4298029675.826888,1000000023129.3374,138114.61867672505
0.5225225225225225,4302863171.409551,1000000023181.02,138114.61867672505
0.5235235235235235,4307688728.914897,1000000023232.7026,138114.61867672505
0.5245245245245245,4312506366.582392,1000000023284.3853,138114.61867672505
0.5255255255255256,4317316102.597659,1000000023336.0679,138114.61867672505
0.5265265265265265,4322117955.092659,1000000023387.7505,138114.61867672505
0.5275275275275275,4326911942.145903,1000000023439.4331,138114.61867672505
0.5285285285285285,4331698081.782622,1000000023491.1157,138114.61867672505
0.5295295295295295,4336476391.97498,1000000023542.7983,138114.61867672505
0.5305305305305306,4341246890.642257,1000000023594.481,138114.61867672505
0.5315315315315315,4346009595.651027,1000000023633.4524,137860.35517537658
0.5325325325325325,4350764524.81537,1000000023672.4238,137860.35517537658
0.5335335335335335,4355511695.897043,1000000023711.3953,137860.35517537658
0.5345345345345345,4360251126.605672,1000000023750.3667,137860.35517537658
0.5355355355355356,4364982834.598946,1000000023789.3381,137860.35517537658
0.5365365365365365,4369706837.48279,1000000023828.3096,137860.35517537658
0.5375375375375375,4374423152.811562,1000000023867.281,137860.35517537658
0.5385385385385385,4379131798.088232,1000000023906.2524,137860.35517537658
0.5395395395395395,4383832790.764566,1000000023945.2239,137860.35517537658
0.5405405405405406,4388526148.241313,1000000023984.1953,137860.35517537658
0.5415415415415415,4393211887.868379,1000000024023.1667,137860.35517537658
0.5425425425425425,4397890026.945017,1000000024062.1382,137860.35517537658
0.5435435435435435,4402560582.720001,1000000024101.1096,137860.35517537658
0.5445445445445445,4407223572.391813,1000000024153.3599,137860.35517537658
0.5455455455455456,4411879013.108813,1000000024205.6101,137860.35517537658
0.5465465465465466,4416526921.969428,1000000024257.8604,137860.35517537658
0.5475475475475475,4421167316.022321,1000000024310.1106,137860.35517537658
0.5485485485485485,4425800212.266567,1000000024362.3608,137860.35517537658
0.5495495495495496,4430425627.651841,1000000024414.6111,137860.35517537658
0.5505505505505506,4435043579.07858,1000000024466.8613,137860.35517537658
0.5515515515515516,4439654083.398164,1000000024519.1116,137860.35517537658
0.5525525525525525,4444257157.413093,1000000024571.3618,137860.35517537658
0.5535535535535535,4448852817.877149,1000000024623.612,137860.35517537658
0.5545545545545546,4453441081.495582,1000000024675.8623,137860.35517537658
0.5555555555555556,4458021964.925271,1000000024728.1125,137860.35517537658
0.5565565565565566,4462595484.774902,1000000024780.3628,137860.35517537658
0.5575575575575575,4467161657.605141,1000000024819.7383,137602.86422128225
0.5585585585585585,4471720499.928786,1000000024859.1138,137602.86422128225
0.5595595595595596,4476272028.210961,1000000024898.4893,137602.86422128225
0.5605605605605606,4480816258.869263,1000000024937.8647,137602.86422128225
0.5615615615615616,4485353208.273941,1000000024977.2402,137602.86422128225
0.5625625625625625,4489882892.748064,1000000025016.6157,137602.86422128225
0.5635635635635635,4494405328.567676,1000000025055.9912,137602.86422128225
0.5645645645645646,4498920531.961974,1000000025095.3667,137602.86422128225
0.5655655655655656,4503428519.1134615,1000000025134.7422,137602.86422128225
0.5665665665665666,4507929306.158125,1000000025174.1177,137602.86422128225
0.5675675675675675,4512422909.185589,1000000025213.4932,137602.86422128225
0.5685685685685685,4516909344.239275,1000000025252.8687,137602.86422128225
0.5695695695695696,4521388627.316574,1000000025292.2441,137602.86422128225
0.5705705705705706,4525860774.369003,1000000025331.6196,137602.86422128225
0.5715715715715716,4530325801.30236,1000000025384.4224,137602.86422128225
0.5725725725725725,4534783723.976897,1000000025437.2251,137602.86422128225
0.5735735735735735,4539234558.207466,1000000025490.0278,137602.86422128225
0.5745745745745746,4543678319.763686,1000000025542.8306,137602.86422128225
0.5755755755755756,4548115024.370096,1000000025595.6333,137602.86422128225
0.5765765765765766,4552544687.706318,1000000025648.436,137602.86422128225
0.5775775775775776,4556967325.407209,1000000025701.2388,137602.86422128225
0.5785785785785785,4561382953.063022,1000000025754.0415,137602.86422128225
0.5795795795795796,4565791586.21955,1000000025806.8442,137602.86422128225
0.5805805805805806,4570193240.378297,1000000025859.647,137602.86422128225
0.5815815815815816,4574587930.996621,1000000025912.4497,137602.86422128225
0.5825825825825826,4578975673.487891,1000000025965.2524,137602.86422128225
0.5835835835835835,4583356483.221639,1000000026018.0552,137602.86422128225
0.5845845845845846,4587730375.523714,1000000026057.8877,137343.50967582816
0.5855855855855856,4592097365.676431,1000000026097.7202,137343.50967582816
0.5865865865865866,4596457468.918725,1000000026137.5527,137343.50967582816
0.5875875875875876,4600810700.4463005,1000000026177.3853,137343.50967582816
0.5885885885885885,4605157075.41178,1000000026217.2178,137343.50967582816
0.5895895895895896,4609496608.924852,1000000026257.0503,137343.50967582816
0.5905905905905906,4613829316.0524235,1000000026296.8828,137343.50967582816
0.5915915915915916,4618155211.818765,1000000026336.7153,137343.50967582816
0.5925925925925926,4622474311.205663,1000000026376.5479,137343.50967582816
0.5935935935935935,4626786629.152558,1000000026416.3804,137343.50967582816
0.5945945945945946,4631092180.556695,1000000026456.2129,137343.50967582816
0.5955955955955956,4635390980.2732725,1000000026496.0454,137343.50967582816
0.5965965965965966,4639683043.1155815,1000000026535.8779,137343.50967582816
0.5975975975975976,4643968383.855157,1000000026575.7104,137343.50967582816
0.5985985985985985,4648247017.221913,1000000026615.543,137343.50967582816
0.5995995995995996,4652518957.90429,1000000026655.3755,137343.50967582816
0.6006006006006006,4656784220.549403,1000000026695.208,137343.50967582816
0.6016016016016016,4661042819.763174,1000000026748.6123,137343.50967582816
0.6026026026026026,4665294770.110479,1000000026802.0166,137343.50967582816
0.6036036036036035,4669540086.115289,1000000026855.4209,137343.50967582816
0.6046046046046046,4673778782.260806,1000000026908.8252,137343.50967582816
0.6056056056056056,4678010872.989611,1000000026962.2295,137343.50967582816
0.6066066066066066,4682236372.70379,1000000027015.6338,137343.50967582816
0.6076076076076076,4686455295.765092,1000000027069.0381,137343.50967582816
0.6086086086086087,4690667656.495047,1000000027122.4424,137343.50967582816
0.6096096096096096,4694873469.175115,1000000027175.8467,137343.50967582816
0.6106106106106106,4699072748.046821,1000000027229.251,137343.50967582816
0.6116116116116116,4703265507.311888,1000000027282.6553,137343.50967582816
0.6126126126126126,4707451761.132379,1000000027336.0596,137343.50967582816
0.6136136136136137,4711631523.630827,1000000027389.4639,137343.50967582816
0.6146146146146146,4715804808.890373,1000000027429.7417,137081.07754261466
0.6156156156156156,4719971630.954896,1000000027470.0195,137081.07754261466
0.6166166166166166,4724132003.829152,1000000027510.2974,137081.07754261466
0.6176176176176176,4728285941.478904,1000000027550.5752,137081.07754261466
0.6186186186186187,4732433457.831057,1000000027590.853,137081.07754261466
0.6196196196196196,4736574566.773783,1000000027631.1309,137081.07754261466
0.6206206206206206,4740709282.156663,1000000027671.4087,137081.07754261466
0.6216216216216216,4744837617.790811,1000000027711.6865,137081.07754261466
0.6226226226226226,4748959587.449007,1000000027751.9644,137081.07754261466
0.6236236236236237,4753075204.865828,1000000027792.2422,137081.07754261466
0.6246246246246246,4757184483.73777,1000000027832.52,137081.07754261466
0.6256256256256256,4761287437.723388,1000000027872.7979,137081.07754261466
0.6266266266266266,4765384080.443418,1000000027913.0757,137081.07754261466
0.6276276276276276,4769474425.480905,1000000027953.3535,137081.07754261466
0.6286286286286287,4773558486.381333,1000000027993.6313,137081.07754261466
0.6296296296296297,4777636276.652749,1000000028033.9092,137081.07754261466
0.6306306306306306,4781707809.765891,1000000028074.187,137081.07754261466
0.6316316316316316,4785773099.154312,1000000028114.4648,137081.07754261466
0.6326326326326326,4789832158.214512,1000000028154.7427,137081.07754261466
0.6336336336336337,4793885000.306053,1000000028208.7058,137081.07754261466
0.6346346346346347,4797931638.751688,1000000028262.669,137081.07754261466
0.6356356356356356,4801972086.837485,1000000028316.6321,137081.07754261466
0.6366366366366366,4806006357.812957,1000000028370.5952,137081.07754261466
0.6376376376376376,4810034464.8911705,1000000028424.5583,137081.07754261466
0.6386386386386387,4814056421.248878,1000000028478.5215,137081.07754261466
0.6396396396396397,4818072240.02664,1000000028532.4846,137081.07754261466
0.6406406406406406,4822081934.328939,1000000028586.4478,137081.07754261466
0.6416416416416416,4826085517.224313,1000000028640.4109,137081.07754261466
0.6426426426426426,4830083001.745462,1000000028694.374,137081.07754261466
0.6436436436436437,4834074400.889378,1000000028748.3372,137081.07754261466
0.6446446446446447,4838059727.617457,1000000028802.3003,137081.07754261466
0.6456456456456456,4842038994.85563,1000000028856.2634,137081.07754261466
0.6466466466466466,4846012215.494465,1000000028896.9478,136815.64774963452
0.6476476476476476,4849979402.3892975,1000000028937.6321,136815.64774963452
0.6486486486486487,4853940568.360348,1000000028978.3164,136815.64774963452
0.6496496496496497,4857895726.192829,1000000029019.0007,136815.64774963452
0.6506506506506506,4861844888.637072,1000000029059.685,136815.64774963452
0.6516516516516516,4865788068.408639,1000000029100.3694,136815.64774963452
0.6526526526526526,4869725278.188442,1000000029141.0537,136815.64774963452
0.6536536536536537,4873656530.622855,1000000029181.738,136815.64774963452
0.6546546546546547,4877581838.323828,1000000029222.4224,136815.64774963452
0.6556556556556556,4881501213.869,1000000029263.1067,136815.64774963452
0.6566566566566566,4885414669.801824,1000000029303.791,136815.64774963452
0.6576576576576576,4889322218.631667,1000000029344.4753,136815.64774963452
0.6586586586586587,4893223872.833932,1000000029385.1597,136815.64774963452
0.6596596596596597,4897119644.850164,1000000029425.844,136815.64774963452
0.6606606606606606,4901009547.088169,1000000029466.5283,136815.64774963452
0.6616616616616616,4904893591.922119,1000000029507.2126,136815.64774963452
0.6626626626626626,4908771791.69267,1000000029547.897,136815.64774963452
0.6636636636636637,4912644158.707071,1000000029588.5813,136815.64774963452
0.6646646646646647,4916510705.239266,1000000029629.2656,136815.64774963452
0.6656656656656657,4920371443.530019,1000000029669.95,136815.64774963452
0.6666666666666666,4924226385.787011,1000000029710.6343,136815.64774963452
0.6676676676676676,4928075544.184958,1000000029751.3186,136815.64774963452
0.6686686686686687,4931918930.865712,1000000029805.8245,136815.64774963452
0.6696696696696697,4935756557.938375,1000000029860.3303,136815.64774963452
0.6706706706706707,4939588437.479404,1000000029914.8362,136815.64774963452
0.6716716716716716,4943414581.532721,1000000029969.342,136815.64774963452
0.6726726726726726,4947235002.1098175,1000000030023.8479,136815.64774963452
0.6736736736736737,4951049711.189863,1000000030078.3538,136815.64774963452
0.6746746746746747,4954858720.71981,1000000030132.8596,136815.64774963452
0.6756756756756757,4958662042.614497,1000000030187.3655,136815.64774963452
0.6766766766766766,4962459688.756765,1000000030241.8713,136815.64774963452
0.6776776776776777,4966251670.997552,1000000030296.3772,136815.64774963452
0.6786786786786787,4970038001.155993,1000000030350.883,136815.64774963452
0.6796796796796797,4973818691.019541,1000000030405.3889,136815.64774963452
0.6806806806806807,4977593752.344056,1000000030459.8948,136815.64774963452
0.6816816816816816,4981363196.853916,1000000030514.4006,136815.64774963452
0.6826826826826827,4985127036.242119,1000000030555.4792,136547.3002248805
0.6836836836836837,4988885282.170382,1000000030596.5579,136547.3002248805
0.6846846846846847,4992637946.269245,1000000030637.6365,136547.3002248805
0.6856856856856857,4996385040.138174,1000000030678.7151,136547.3002248805
0.6866866866866866,5000126575.345662,1000000030719.7937,136547.3002248805
0.6876876876876877,5003862563.429335,1000000030760.8723,136547.3002248805
0.6886886886886887,5007593015.896038,1000000030801.9509,136547.3002248805
0.6896896896896897,5011317944.2219515,1000000030843.0295,136547.3002248805
0.6906906906906907,5015037359.85268,1000000030884.1082,136547.3002248805
0.6916916916916916,5018751274.203361,1000000030925.1868,136547.3002248805
0.6926926926926927,5022459698.658756,1000000030966.2654,136547.3002248805
0.6936936936936937,5026162644.573353,1000000031007.344,136547.3002248805
0.6946946946946947,5029860123.271462,1000000031048.4226,136547.3002248805
0.6956956956956957,5033552146.04732,1000000031089.5012,136547.3002248805
0.6966966966966966,5037238724.16518,1000000031130.5798,136547.3002248805
0.6976976976976977,5040919868.859413,1000000031171.6584,136547.3002248805
0.6986986986986987,5044595591.334604,1000000031212.737,136547.3002248805
0.6996996996996997,5048265902.765649,1000000031253.8157,136547.3002248805
0.7007007007007007,5051930814.297847,1000000031294.8943,136547.3002248805
0.7017017017017017,5055590337.047002,1000000031335.9729,136547.3002248805
0.7027027027027027,5059244482.099516,1000000031377.0515,136547.3002248805
0.7037037037037037,5062893260.512482,1000000031418.1301,136547.3002248805
0.7047047047047047,5066536683.31378,1000000031459.2087,136547.3002248805
0.7057057057057057,5070174761.50217,1000000031500.2874,136547.3002248805
0.7067067067067067,5073807506.047392,1000000031555.3805,136547.3002248805
0.7077077077077077,5077434927.89025,1000000031610.4736,136547.3002248805
0.7087087087087087,5081057037.942714,1000000031665.5668,136547.3002248805
0.7097097097097097,5084673847.088004,1000000031720.6599,136547.3002248805
0.7107107107107107,5088285366.18069,1000000031775.753,136547.3002248805
0.7117117117117117,5091891606.0467825,1000000031830.8462,136547.3002248805
0.7127127127127127,5095492577.483825,1000000031885.9393,136547.3002248805
0.7137137137137137,5099088291.260977,1000000031941.0325,136547.3002248805
0.7147147147147147,5102678758.119119,1000000031996.1256,136547.3002248805
0.7157157157157157,5106263988.770931,1000000032051.2188,136547.3002248805
0.7167167167167167,5109843993.90099,1000000032106.3119,136547.3002248805
0.7177177177177178,5113418784.16586,1000000032161.405,136547.3002248805
0.7187187187187187,5116988370.19418,1000000032216.4982,136547.3002248805
0.7197197197197197,5120552762.586746,1000000032271.5913,136547.3002248805
0.7207207207207207,5124111971.9166155,1000000032313.1127,136276.11489634542
0.7217217217217217,5127666008.729184,1000000032354.634,136276.11489634542
0.7227227227227228,5131214883.542281,1000000032396.1554,136276.11489634542
0.7237237237237237,5134758606.84625,1000000032437.6768,136276.11489634542
0.7247247247247247,5138297189.10404,1000000032479.1981,136276.11489634542
0.7257257257257257,5141830640.751299,1000000032520.7195,136276.11489634542
0.7267267267267267,5145358972.196449,1000000032562.2408,136276.11489634542
0.7277277277277278,5148882193.820787,1000000032603.7622,136276.11489634542
0.7287287287287287,5152400315.978556,1000000032645.2836,136276.11489634542
0.7297297297297297,5155913348.997045,1000000032686.8049,136276.11489634542
0.7307307307307307,5159421303.176658,1000000032728.3263,136276.11489634542
0.7317317317317317,5162924188.791025,1000000032769.8477,136276.11489634542
0.7327327327327328,5166422016.087062,1000000032811.369,136276.11489634542
0.7337337337337337,5169914795.285068,1000000032852.8904,136276.11489634542
0.7347347347347347,5173402536.578807,1000000032894.4117,136276.11489634542
0.7357357357357357,5176885250.13559,1000000032935.9331,136276.11489634542
0.7367367367367368,5180362946.09637,1000000032977.4545,136276.11489634542
0.7377377377377378,5183835634.575805,1000000033018.9758,136276.11489634542
0.7387387387387387,5187303325.662362,1000000033060.4972,136276.11489634542
0.7397397397397397,5190766029.418387,1000000033102.0186,136276.11489634542
0.7407407407407407,5194223755.880193,1000000033143.5399,136276.11489634542
0.7417417417417418,5197676515.058137,1000000033185.0613,136276.11489634542
0.7427427427427428,5201124316.936709,1000000033226.5826,136276.11489634542
0.7437437437437437,5204567171.474613,1000000033268.104,136276.11489634542
0.7447447447447447,5208005088.604841,1000000033309.6254,136276.11489634542
0.7457457457457457,5211438078.234761,1000000033351.1467,136276.11489634542
0.7467467467467468,5214866150.246194,1000000033392.6681,136276.11489634542
0.7477477477477478,5218289314.495495,1000000033434.1895,136276.11489634542
0.7487487487487487,5221707580.8136425,1000000033489.8533,136276.11489634542
0.7497497497497497,5225120959.006299,1000000033545.5171,136276.11489634542
0.7507507507507507,5228529458.853908,1000000033601.1809,136276.11489634542
0.7517517517517518,5231933090.111765,1000000033656.8447,136276.11489634542
0.7527527527527528,5235331862.5100975,1000000033712.5085,136276.11489634542
0.7537537537537538,5238725785.754149,1000000033768.1724,136276.11489634542
0.7547547547547547,5242114869.524249,1000000033823.8362,136276.11489634542
0.7557557557557557,5245499123.475891,1000000033879.5,136276.11489634542
0.7567567567567568,5248878557.239827,1000000033935.1638,136276.11489634542
0.7577577577577578,5252253180.422117,1000000033990.8276,136276.11489634542
0.7587587587587588,5255623002.604234,1000000034046.4915,136276.11489634542
0.7597597597597597,5258988033.3431225,1000000034102.1553,136276.11489634542
0.7607607607607607,5262348282.171279,1000000034157.8191,136276.11489634542
0.7617617617617618,5265703758.59684,1000000034213.4829,136276.11489634542
0.7627627627627628,5269054472.103637,1000000034269.1467,136276.11489634542
0.7637637637637638,5272400432.151292,1000000034311.1252,136002.171692022
0.7647647647647647,5275741648.1752825,1000000034353.1038,136002.171692022
0.7657657657657657,5279078129.58702,1000000034395.0823,136002.171692022
0.7667667667667668,5282409885.773924,1000000034437.0608,136002.171692022
0.7677677677677678,5285736926.099494,1000000034479.0393,136002.171692022
0.7687687687687688,5289059259.903392,1000000034521.0178,136002.171692022
0.7697697697697697,5292376896.501511,1000000034562.9963,136002.171692022
0.7707707707707707,5295689845.186044,1000000034604.9749,136002.171692022
0.7717717717717718,5298998115.22557,1000000034646.9534,136002.171692022
0.7727727727727728,5302301715.865115,1000000034688.9319,136002.171692022
0.7737737737737738,5305600656.326237,1000000034730.9104,136002.171692022
0.7747747747747747,5308894945.807082,1000000034772.8889,136002.171692022
0.7757757757757757,5312184593.482478,1000000034814.8674,136002.171692022
0.7767767767767768,5315469608.50399,1000000034856.846,136002.171692022
0.7777777777777778,5318750000.0,1000000034898.8245,136002.171692022
0.7787787787787788,5322025777.075776,1000000034940.803,136002.171692022
0.7797797797797797,5325296948.813544,1000000034982.7815,136002.171692022
0.7807807807807807,5328563524.272561,1000000035024.76,136002.171692022
0.7817817817817818,5331825512.489184,1000000035066.7385,136002.171692022
0.7827827827827828,5335082922.476943,1000000035108.717,136002.171692022
0.7837837837837838,5338335763.226605,1000000035150.6956,136002.171692022
0.7847847847847848,5341584043.706255,1000000035192.6741,136002.171692022
0.7857857857857857,5344827772.861356,1000000035234.6526,136002.171692022
0.7867867867867868,5348066959.614823,1000000035276.6311,136002.171692022
0.7877877877877878,5351301612.867092,1000000035318.6096,136002.171692022
0.7887887887887888,5354531741.496191,1000000035360.5881,136002.171692022
0.7897897897897898,5357757354.357807,1000000035402.5667,136002.171692022
0.7907907907907907,5360978460.28535,1000000035444.5452,136002.171692022
0.7917917917917918,5364195068.090033,1000000035486.5237,136002.171692022
0.7927927927927928,5367407186.560929,1000000035528.5022,136002.171692022
0.7937937937937938,5370614824.465045,1000000035570.4807,136002.171692022
0.7947947947947948,5373817990.547387,1000000035612.4592,136002.171692022
0.7957957957957957,5377016693.531026,1000000035668.7639,136002.171692022
0.7967967967967968,5380210942.117177,1000000035725.0686,136002.171692022
0.7977977977977978,5383400744.985243,1000000035781.3733,136002.171692022
0.7987987987987988,5386586110.792909,1000000035837.678,136002.171692022
0.7997997997997998,5389767048.176183,1000000035893.9827,136002.171692022
0.8008008008008007,5392943565.74948,1000000035950.2874,136002.171692022
0.8018018018018018,5396115672.105682,1000000036006.592,136002.171692022
0.8028028028028028,5399283375.816204,1000000036062.8967,136002.171692022
0.8038038038038038,5402446685.431055,1000000036119.2014,136002.171692022
0.8048048048048048,5405605609.478913,1000000036175.5061,136002.171692022
0.8058058058058059,5408760156.467181,1000000036231.8108,136002.171692022
0.8068068068068068,5411910334.882055,1000000036288.1155,136002.171692022
0.8078078078078078,5415056153.188591,1000000036344.4202,136002.171692022
0.8088088088088088,5418197619.830768,1000000036400.7249,136002.171692022
0.8098098098098098,5421334743.231547,1000000036457.0295,136002.171692022
0.8108108108108109,5424467531.792946,1000000036499.5127,135725.55053990963
0.8118118118118118,5427595993.89609,1000000036541.9958,135725.55053990963
0.8128128128128128,5430720137.901284,1000000036584.479,135725.55053990963
0.8138138138138138,5433839972.148075,1000000036626.9622,135725.55053990963
0.8148148148148148,5436955504.955314,1000000036669.4453,135725.55053990963
0.8158158158158159,5440066744.621213,1000000036711.9285,135725.55053990963
0.8168168168168168,5443173699.42342,1000000036754.4116,135725.55053990963
0.8178178178178178,5446276377.619067,1000000036796.8948,135725.55053990963
0.8188188188188188,5449374787.444845,1000000036839.3779,135725.55053990963
0.8198198198198198,5452468937.117055,1000000036881.8611,135725.55053990963
0.8208208208208209,5455558834.83168,1000000036924.3442,135725.55053990963
0.8218218218218218,5458644488.764435,1000000036966.8274,135725.55053990963
0.8228228228228228,5461725907.070838,1000000037009.3105,135725.55053990963
0.8238238238238238,5464803097.886269,1000000037051.7937,135725.55053990963
0.8248248248248248,5467876069.326024,1000000037094.2769,135725.55053990963
0.8258258258258259,5470944829.485383,1000000037136.76,135725.55053990963
0.8268268268268268,5474009386.439666,1000000037179.2432,135725.55053990963
0.8278278278278278,5477069748.244297,1000000037221.7263,135725.55053990963
0.8288288288288288,5480125922.934865,1000000037264.2095,135725.55053990963
0.8298298298298298,5483177918.527172,1000000037306.6926,135725.55053990963
0.8308308308308309,5486225743.017306,1000000037349.1758,135725.55053990963
0.8318318318318318,5489269404.381698,1000000037391.6589,135725.55053990963
0.8328328328328328,5492308910.577171,1000000037434.1421,135725.55053990963
0.8338338338338338,5495344269.541013,1000000037476.6252,135725.55053990963
0.8348348348348348,5498375489.191023,1000000037519.1084,135725.55053990963
0.8358358358358359,5501402577.42558,1000000037561.5916,135725.55053990963
0.8368368368368369,5504425542.123692,1000000037604.0747,135725.55053990963
0.8378378378378378,5507444391.145062,1000000037646.5579,135725.55053990963
0.8388388388388388,5510459132.330142,1000000037689.041,135725.55053990963
0.8398398398398398,5513469773.500186,1000000037731.5242,135725.55053990963
0.8408408408408409,5516476322.457317,1000000037774.0073,135725.55053990963
0.8418418418418419,5519478786.984577,1000000037816.4905,135725.55053990963
0.8428428428428428,5522477174.845987,1000000037858.9736,135725.55053990963
0.8438438438438438,5525471493.786607,1000000037901.4568,135725.55053990963
0.8448448448448448,5528461751.532578,1000000037943.94,135725.55053990963
0.8458458458458459,5531447955.791203,1000000037986.4231,135725.55053990963
0.8468468468468469,5534430114.250977,1000000038028.9062,135725.55053990963
0.8478478478478478,5537408234.581662,1000000038085.8944,135725.55053990963
0.8488488488488488,5540382324.434335,1000000038142.8826,135725.55053990963
0.8498498498498498,5543352391.441443,1000000038199.8707,135725.55053990963
0.8508508508508509,5546318443.216864,1000000038256.8589,135725.55053990963
0.8518518518518519,5549280487.355951,1000000038313.847,135725.55053990963
0.8528528528528528,5552238531.435602,1000000038370.8352,135725.55053990963
0.8538538538538538,5555192583.014303,1000000038427.8234,135725.55053990963
0.8548548548548548,5558142649.632189,1000000038484.8115,135725.55053990963
0.8558558558558559,5561088738.811093,1000000038541.7997,135725.55053990963
0.8568568568568569,5564030858.054605,1000000038598.7878,135725.55053990963
0.8578578578578578,5566969014.8481245,1000000038655.776,135725.55053990963
0.8588588588588588,5569903216.658916,1000000038712.7642,135725.55053990963
0.8598598598598598,5572833470.936158,1000000038769.7523,135725.55053990963
0.8608608608608609,5575759785.111003,1000000038826.7405,135725.55053990963
0.8618618618618619,5578682166.596623,1000000038883.7286,135725.55053990963
0.8628628628628628,5581600622.788271,1000000038926.7023,135445.11737159497
0.8638638638638638,5584515161.063328,1000000038969.6759,135445.11737159497
0.8648648648648649,5587425788.781358,1000000039012.6495,135445.11737159497
0.8658658658658659,5590332513.284159,1000000039055.6232,135445.11737159497
0.8668668668668669,5593235341.895818,1000000039098.5968,135445.11737159497
0.8678678678678678,5596134281.922761,1000000039141.5704,135445.11737159497
0.8688688688688688,5599029340.653809,1000000039184.5441,135445.11737159497
0.8698698698698699,5601920525.360219,1000000039227.5177,135445.11737159497
0.8708708708708709,5604807843.295753,1000000039270.4913,135445.11737159497
0.8718718718718719,5607691301.696711,1000000039313.465,135445.11737159497
0.8728728728728729,5610570907.781998,1000000039356.4386,135445.11737159497
0.8738738738738738,5613446668.753162,1000000039399.4122,135445.11737159497
0.8748748748748749,5616318591.794457,1000000039442.3859,135445.11737159497
0.8758758758758759,5619186684.0728855,1000000039485.3595,135445.11737159497
0.8768768768768769,5622050952.738249,1000000039528.3331,135445.11737159497
0.8778778778778779,5624911404.9232025,1000000039571.3068,135445.11737159497
0.8788788788788788,5627768047.743306,1000000039614.2804,135445.11737159497
0.8798798798798799,5630620888.29707,1000000039657.254,135445.11737159497
0.8808808808808809,5633469933.666002,1000000039700.2277,135445.11737159497
0.8818818818818819,5636315190.914672,1000000039743.2013,135445.11737159497
0.8828828828828829,5639156667.09074,1000000039786.1749,135445.11737159497
0.8838838838838838,5641994369.225026,1000000039829.1486,135445.11737159497
0.8848848848848849,5644828304.331543,1000000039872.1222,135445.11737159497
0.8858858858858859,5647658479.407558,1000000039915.0958,135445.11737159497
0.8868868868868869,5650484901.433632,1000000039958.0695,135445.11737159497
0.8878878878878879,5653307577.373676,1000000040001.0431,135445.11737159497
0.8888888888888888,5656126514.1749935,1000000040044.0167,135445.11737159497
0.8898898898898899,5658941718.7683325,1000000040086.9904,135445.11737159497
0.8908908908908909,5661753198.067934,1000000040129.964,135445.11737159497
0.8918918918918919,5664560958.971575,1000000040172.9376,135445.11737159497
0.8928928928928929,5667365008.360624,1000000040215.9113,135445.11737159497
0.8938938938938938,5670165353.100083,1000000040258.8849,135445.11737159497
0.8948948948948949,5672962000.038637,1000000040301.8585,135445.11737159497
0.8958958958958959,5675754956.008702,1000000040344.8322,135445.11737159497
0.8968968968968969,5678544227.826468,1000000040387.8058,135445.11737159497
0.8978978978978979,5681329822.291955,1000000040430.7794,135445.11737159497
0.8988988988988988,5684111746.18905,1000000040473.753,135445.11737159497
0.8998998998998999,5686890006.285559,1000000040516.7267,135445.11737159497
0.9009009009009009,5689664609.333254,1000000040559.7003,135445.11737159497
0.9019019019019019,5692435562.067917,1000000040602.674,135445.11737159497
0.9029029029029029,5695202871.209387,1000000040645.6476,135445.11737159497
0.9039039039039038,5697966543.46161,1000000040688.6212,135445.11737159497
0.9049049049049049,5700726585.512674,1000000040731.5948,135445.11737159497
0.9059059059059059,5703483004.034868,1000000040789.2474,135445.11737159497
0.9069069069069069,5706235805.684722,1000000040846.9,135445.11737159497
0.9079079079079079,5708984997.103048,1000000040904.5526,135445.11737159497
0.9089089089089089,5711730584.914993,1000000040962.2052,135445.11737159497
0.9099099099099099,5714472575.730081,1000000041019.8578,135445.11737159497
0.9109109109109109,5717210976.142255,1000000041077.5104,135445.11737159497
0.9119119119119119,5719945792.729925,1000000041135.163,135445.11737159497
0.9129129129129129,5722677032.056015,1000000041192.8156,135445.11737159497
0.9139139139139139,5725404700.668001,1000000041250.4681,135445.11737159497
0.914914914914915,5728128805.097964,1000000041308.1207,135445.11737159497
0.9159159159159159,5730849351.862626,1000000041365.7733,135445.11737159497
0.9169169169169169,5733566347.463396,1000000041423.4259,135445.11737159497
0.9179179179179179,5736279798.38642,1000000041481.0785,135445.11737159497
0.9189189189189189,5738989711.102618,1000000041538.7311,135445.11737159497
0.91991991991992,5741696092.06773,1000000041596.3837,135445.11737159497
0.9209209209209209,5744398947.722358,1000000041639.8938,135162.17610246953
0.9219219219219219,5747098284.492013,1000000041683.4039,135162.17610246953
0.9229229229229229,5749794108.787153,1000000041726.9141,135162.17610246953
0.9239239239239239,5752486427.003237,1000000041770.4242,135162.17610246953
0.924924924924925,5755175245.520751,1000000041813.9343,135162.17610246953
0.9259259259259259,5757860570.705261,1000000041857.4445,135162.17610246953
0.9269269269269269,5760542408.907461,1000000041900.9546,135162.17610246953
0.9279279279279279,5763220766.4632,1000000041944.4647,135162.17610246953
0.9289289289289289,5765895649.69354,1000000041987.9749,135162.17610246953
0.92992992992993,5768567064.904788,1000000042031.485,135162.17610246953
0.9309309309309309,5771235018.388545,1000000042074.9951,135162.17610246953
0.9319319319319319,5773899516.421737,1000000042118.5052,135162.17610246953
0.9329329329329329,5776560565.266673,1000000042162.0154,135162.17610246953
0.933933933933934,5779218171.171071,1000000042205.5255,135162.17610246953
0.934934934934935,5781872340.368112,1000000042249.0356,135162.17610246953
0.9359359359359359,5784523079.076468,1000000042292.5458,135162.17610246953
0.9369369369369369,5787170393.500359,1000000042336.0559,135162.17610246953
0.9379379379379379,5789814289.829582,1000000042379.566,135162.17610246953
0.938938938938939,5792454774.239556,1000000042423.0762,135162.17610246953
0.93993993993994,5795091852.891361,1000000042466.5863,135162.17610246953
0.9409409409409409,5797725531.931785,1000000042510.0964,135162.17610246953
0.9419419419419419,5800355817.493353,1000000042553.6066,135162.17610246953
0.9429429429429429,5802982715.694382,1000000042597.1167,135162.17610246953
0.943943943943944,5805606232.639008,1000000042640.6268,135162.17610246953
0.944944944944945,5808226374.417233,1000000042684.137,135162.17610246953
0.9459459459459459,5810843147.104965,1000000042727.6471,135162.17610246953
0.9469469469469469,5813456556.764054,1000000042771.1572,135162.17610246953
0.9479479479479479,5816066609.442335,1000000042814.6674,135162.17610246953
0.948948948948949,5818673311.173669,1000000042858.1775,135162.17610246953
0.94994994994995,5821276667.977977,1000000042901.6876,135162.17610246953
0.950950950950951,5823876685.861284,1000000042945.1978,135162.17610246953
0.9519519519519519,5826473370.815757,1000000042988.7079,135162.17610246953
0.9529529529529529,5829066728.819743,1000000043032.218,135162.17610246953
0.953953953953954,5831656765.837809,1000000043075.7281,135162.17610246953
0.954954954954955,5834243487.820781,1000000043119.2383,135162.17610246953
0.955955955955956,5836826900.705783,1000000043162.7484,135162.17610246953
0.9569569569569569,5839407010.41627,1000000043206.2585,135162.17610246953
0.9579579579579579,5841983822.862079,1000000043249.7687,135162.17610246953
0.958958958958959,5844557343.939453,1000000043293.2788,135162.17610246953
0.95995995995996,5847127579.531087,1000000043336.789,135162.17610246953
0.960960960960961,5849694535.506166,1000000043380.2991,135162.17610246953
0.9619619619619619,5852258217.720402,1000000043423.8092,135162.17610246953
0.9629629629629629,5854818632.01607,1000000043467.3193,135162.17610246953
0.963963963963964,5857375784.222047,1000000043510.8295,135162.17610246953
0.964964964964965,5859929680.153847,1000000043554.3396,135162.17610246953
0.965965965965966,5862480325.613669,1000000043597.8497,135162.17610246953
0.9669669669669669,5865027726.390417,1000000043641.3599,135162.17610246953
0.9679679679679679,5867571888.259751,1000000043684.87,135162.17610246953
0.968968968968969,5870112816.984121,1000000043728.3801,135162.17610246953
0.96996996996997,5872650518.3127985,1000000043771.8903,135162.17610246953
0.970970970970971,5875184997.981919,1000000043815.4004,135162.17610246953
0.9719719719719719,5877716261.714515,1000000043873.7585,135162.17610246953
0.9729729729729729,5880244315.220559,1000000043932.1167,135162.17610246953
0.973973973973974,5882769164.19699,1000000043990.4749,135162.17610246953
0.974974974974975,5885290814.327758,1000000044048.833,135162.17610246953
0.975975975975976,5887809271.283856,1000000044107.1912,135162.17610246953
0.9769769769769769,5890324540.723358,1000000044165.5493,135162.17610246953
0.9779779779779779,5892836628.291457,1000000044223.9075,135162.17610246953
0.978978978978979,5895345539.620494,1000000044282.2656,135162.17610246953
0.97997997997998,5897851280.329998,1000000044340.6238,135162.17610246953
0.980980980980981,5900353856.026725,1000000044398.9819,135162.17610246953
0.9819819819819819,5902853272.304686,1000000044457.3401,135162.17610246953
0.9829829829829829,5905349534.74519,1000000044515.6982,135162.17610246953
0.983983983983984,5907842648.916874,1000000044574.0564,135162.17610246953
0.984984984984985,5910332620.375738,1000000044632.4146,135162.17610246953
0.985985985985986,5912819454.665187,1000000044690.7727,135162.17610246953
0.986986986986987,5915303157.316052,1000000044734.8047,134875.61264612465
0.9879879879879879,5917783733.846643,1000000044778.8367,134875.61264612465
0.988988988988989,5920261189.762768,1000000044822.8687,134875.61264612465
0.98998998998999,5922735530.557776,1000000044866.9006,134875.61264612465
0.990990990990991,5925206761.712588,1000000044910.9326,134875.61264612465
0.991991991991992,5927674888.695732,1000000044954.9646,134875.61264612465
0.992992992992993,5930139916.963382,1000000044998.9966,134875.61264612465
0.993993993993994,5932601851.959382,1000000045043.0286,134875.61264612465
0.994994994994995,5935060699.11529,1000000045087.0605,134875.61264612465
0.995995995995996,5937516463.850408,1000000045131.0925,134875.61264612465
0.996996996996997,5939969151.571809,1000000045175.1245,134875.61264612465
0.997997997997998,5942418767.674387,1000000045219.1565,134875.61264612465
0.998998998998999,5944865317.540873,1000000045263.1885,134875.61264612465
1.0,5947308806.541882,1000000045307.2205,134875.61264612465
